<?xml version="1.0" encoding="GBK"?> 
<!DOCTYPE struts PUBLIC 
"-//Apache Software Foundation//DTD Struts Configuration 2.0//EN" 
"http://struts.apache.org/dtds/struts-2.3.dtd">
<struts>
	<include file="struts-default.xml" />
	<constant name="struts.objectFactory.spring.autoWire.alwaysRespect" value="true" />
	<constant name="struts.i18n.encoding" value="UTF-8" />
	    <constant name="struts.enable.DynamicMethodInvocation" value="true" />
	<package name="demo" extends="struts-default">
	
		<global-results>
			<result name="error" type="dispatcher">/error.jsp</result>
		</global-results>

	</package>
	
	
</struts>