<?xml version="1.0" encoding="UTF-8"?>
<!DOCTYPE sqlMap PUBLIC "-//iBATIS.com//DTD SQL Map 2.0//EN" "http://www.ibatis.com/dtd/sql-map-2.dtd">

<sqlMap namespace ="prjcheckRYTJ" > 
  <typeAlias alias="cooperateUnitsVo" type="com.sdkj.matters.vo.CooperateUnitsVo" />
  <typeAlias alias="mattersupdateVo" type="com.sdkj.matters.vo.MattersupdateVo" />
  <typeAlias alias="mattersVo" type="com.sdkj.matters.vo.MattersVo" />
  <typeAlias alias="parmsVo" type="com.sdkj.matters.vo.ParmsVo" />
  <typeAlias alias="siginTableVo" type="com.sdkj.matters.vo.SiginTableVo" />
  <typeAlias alias="feedbackvo1" type="com.sdkj.feedback.vo.FeedbackVo" />
     <typeAlias alias="userInfo" type="com.sdkj.system.vo.UserInfo" />
  
  
  
  	<typeAlias alias="uploadFileVo"
		type="com.sdkj.common.vo.UploadFileVo" />
		
    <insert id="addsiginTable" parameterClass="siginTableVo">
 
 
 insert into sigintable
  (id, inittime, sigin_person, sigin_tel, sigin_unit, cb_unit, cb_person, cb_tel, matters_id, user_id)
values
  (#id#,#inittime#,#sigin_person#,#sigin_tel#,#sigin_unit#,#cb_unit#,#cb_person#,#cb_tel#,#matters_id#,#user_id#)
 
     </insert>
		
    <insert id="addReportFile_new" parameterClass="uploadFileVo">
        insert into uploadFile(cf_id,c_id,cf_name,cf_url,cf_type,stateid) values (#cf_id#,#c_id#,#cf_name#,#cf_url#,#cf_type:VARCHAR#,#stateid:VARCHAR#)
    </insert>

	<update	id="UndoMattersFlag"		parameterClass="java.lang.String"		>
	$value$
	</update>

	<update	id="UndoSendMattersState"		parameterClass="java.lang.String"		>
	$value$
	</update>

	<update	id="endState"		parameterClass="java.lang.String"		>
	$value$
	</update>

	<update	id="updateevaluationcheck"		parameterClass="java.lang.String"		>
	$value$
	</update>
	

	<update	id="SaveUserInfo"		parameterClass="java.lang.String"		>
	$value$
	</update>

	<update	id="addevaluationcheck"		parameterClass="java.lang.String"		>
	$value$
	</update>
	

	<update	id="UpdateCooperateState"		parameterClass="java.lang.String"		>
	$value$
	</update>
	
	<update	id="updateMattersState"		parameterClass="java.lang.String"		>
	$value$
	</update>
	
	<update	id="SaveUnitsState"		parameterClass="java.lang.String"		>
	$value$
	</update>
	
	<update	id="SaveFeedBackCheck"		parameterClass="java.lang.String"		>
	$value$
	</update>
	
	<update	id="AuditMatters"		parameterClass="java.lang.String"		>
	$value$
	</update>
	
	<update	id="UpdateCooperateUnitsState"		parameterClass="java.lang.String"		>
	$value$
	</update>
	
	
	
	<update	id="UpdateMattersFlag"		parameterClass="java.lang.String"		>
	$value$
	</update>
	<update	id="addMatterData"		parameterClass="mattersVo"		>
 		 insert into matters
   (id, inittime, updatetime, matter_type, supervision_matter, main_task, 
   supervision_code, matter_source, charge_lead, chaosong_lead, source_unit, 
   cooperate_unit, matters_id, end_time, fankui_time, fid, handover_person,
    handover_tel, breaks,sendtime,state,feed_type,warn_time)
 values
   (#id#,#inittime#,#updatetime#,#matter_type#,#supervision_matter#,
   #main_task#,#supervision_code#,#matter_source#,#charge_lead#,
   #chaosong_lead#,#source_unit#,#cooperate_unit#,#matters_id#,
   #end_time#,#fankui_time#,#fid#,#handover_person#,#handover_tel#,
   #breaks#,#sendtime#,#state#,#feed_type#,#warn_time#) 


	</update>

	<update	id="updateMatterData"		parameterClass="mattersVo"		>
  update matters
    set
        updatetime =#updatetime#,
        matter_type =#matter_type#,
        supervision_matter =#supervision_matter#,
        main_task =#main_task#,
        supervision_code =#supervision_code#,
        matter_source =#matter_source#,
        charge_lead =#charge_lead#,
        chaosong_lead =#chaosong_lead#,
        source_unit =#source_unit#,
        cooperate_unit =#cooperate_unit#,
        end_time =#end_time#,
        fankui_time =#fankui_time#,
        handover_person =#handover_person#,
        handover_tel =#handover_tel#,
        breaks =#breaks#,
        state =#state#,
        sendtime=#sendtime#
        ,feed_type=#feed_type#
        ,warn_time=#warn_time#
  where  
          id =#id# 
	</update>

	<update	id="SaveUnits"		parameterClass="cooperateUnitsVo"		>
		  insert into cooperateunits
  		 (id,user_id, matter_id, state, unitstate)
 			values
   		(#id#,#user_id#, #matter_id#, #state#, #unitstate#)
	</update>
 

	<select id="queryMatterCount" parameterClass="java.lang.String" resultClass="int">
			 $value$ 
		</select>

	<select id="querySendCount" parameterClass="java.lang.String" resultClass="int">
			 $value$ 
		</select>

	<select id="queryFeedbackCount" parameterClass="java.lang.String" resultClass="int">
			 $value$ 
		</select>

	<select id="queryFeedBackMattersCount" parameterClass="java.lang.String" resultClass="int">
				select count(*) as prjcheckinfocount from ($value$)
		</select>

	<select id="queryMattersUserCount" parameterClass="java.lang.String" resultClass="int">
				select count(*) as prjcheckinfocount from ($value$)
		</select>
		
		
	<select id="queryFeedBackMatters" parameterClass="java.lang.String" resultClass="feedbackvo1">
			 $value$ 
		</select>
		
	<select id="queryUserInfoById" parameterClass="java.lang.String" resultClass="userInfo">
			 $value$ 
		</select>
		
	<select id="queryUserInfoOrById" parameterClass="java.lang.String" resultClass="java.lang.String">
			 $value$ 
		</select>
		
	<select id="queryUserInfo" parameterClass="java.lang.String" resultClass="userInfo">
			 $value$ 
		</select>
		
	<select id="querySigInList" parameterClass="java.lang.String" resultClass="siginTableVo">
			 $value$ 
		</select>
		
		
	<select id="queryUserInfoCount" parameterClass="java.lang.String" resultClass="int">
				select count(*) as prjcheckinfocount from ($value$)
		</select>
		
		
	<select id="queryFeedbackCountCount" parameterClass="java.lang.String" resultClass="int">
			 $value$ 
		</select>
		
	<select id="queryMattersUserCount1" parameterClass="java.lang.String" resultClass="int">
			 $value$ 
		</select>
		
		

	<select id="queryMattersUserCount2" parameterClass="java.lang.String" resultClass="int">
							 $value$ 
		</select>
		

	<select id="queryMattersUserCount3" parameterClass="java.lang.String" resultClass="int">
						 $value$ 
		</select>

	<select id="queryMatterIsEavlaCount" parameterClass="java.lang.String" resultClass="int">
						 $value$ 
		</select>
		
		
	<select id="queryMattersUserCount4" parameterClass="java.lang.String" resultClass="int">
							 $value$ 
		</select>
		
	<select id="queryMattersUserCount5" parameterClass="java.lang.String" resultClass="int">
						 $value$ 
		</select>
		
		
		
	<select id="queryMattersUserCount6" parameterClass="java.lang.String" resultClass="int">
				 $value$ 
		</select>
		
		
	<select id="queryMattersUserCount7" parameterClass="java.lang.String" resultClass="int">
							 $value$ 
		</select>
		
		
		
	<select id="queryMattersUserCount8" parameterClass="java.lang.String" resultClass="int">
							 $value$ 
		</select>
		
		
		
	<select id="queryMattersUserCount9" parameterClass="java.lang.String" resultClass="int">
				 $value$ 
		</select>
		
		
		
		
		
		
		
		
		
		
		
		
		
		
		
		
		
		
		
		
		
		

	<select id="queryFormerDeptYearMattersCount" parameterClass="java.lang.String" resultClass="int">
				select count(*) as prjcheckinfocount from ($value$)
		</select>
		

	<select id="queryFormerYearMattersCount" parameterClass="java.lang.String" resultClass="int">
				select count(*) as prjcheckinfocount from ($value$)
		</select>

	<select id="queryMattersAdminCount" parameterClass="java.lang.String" resultClass="int">
				select count(*) as prjcheckinfocount from ($value$)
		</select>

   	<select id="queryFormerYearMatters"    parameterClass="java.lang.String"
		resultClass="mattersVo">
		$value$  
	</select> 

   	<select id="queryFormerDeptYearMatters"    parameterClass="java.lang.String"
		resultClass="mattersVo">
		$value$  
	</select> 

   	<select id="queryExcelMattersData"    parameterClass="java.lang.String"
		resultClass="mattersVo">
		$value$  
	</select> 

   	<select id="ExcelOldYearMatters"    parameterClass="java.lang.String"
		resultClass="mattersVo">
		$value$  
	</select> 

   	<select id="queryHeyanMatters"    parameterClass="java.lang.String"
		resultClass="mattersVo">
		$value$  
	</select> 

   	<select id="getfileReports"    parameterClass="java.lang.String"
		resultClass="uploadFileVo">
		$value$  
	</select> 

   	<select id="getFeedbackfileReports"    parameterClass="java.lang.String"
		resultClass="uploadFileVo"	>
		$value$  
	</select> 

   	<select id="queryRequestHeyanCount"    parameterClass="java.lang.String"
		resultClass="int">
		$value$  
	</select> 

   	<select id="queryMattersUser"    parameterClass="java.lang.String"
		resultClass="mattersVo">
		$value$  
	</select> 

   	<select id="queryMattersAdmin"    parameterClass="java.lang.String"
		resultClass="mattersVo">
		$value$  
	</select> 

   	<select id="queryPermissions"    parameterClass="java.lang.String"
		resultClass="parmsVo">
		$value$  
	</select> 

   	<select id="queryDeleteMatters"    parameterClass="java.lang.String"
		resultClass="mattersVo">
		$value$  
	</select> 

   	<select id="queryMatterById"    parameterClass="java.lang.String"
		resultClass="mattersVo">
		$value$  
	</select> 

   	<select id="queryAllMattersData"    parameterClass="java.lang.String"
		resultClass="mattersVo">
		$value$  
	</select> 
	 
 
	 <delete	id="deleteUnitsData"		parameterClass="java.lang.String"	>
	 	$value$
	 </delete>
	 
	 <delete	id="deleteuploadFilels"		parameterClass="java.lang.String"	>
	 	$value$
	 </delete>
	 
	 
</sqlMap > 
