<?xml version="1.0" encoding="UTF-8" ?>
<!DOCTYPE sqlMapConfig
PUBLIC "-//iBATIS.com//DTD SQL Map Config 2.0//EN"
"http://www.ibatis.com/dtd/sql-map-config-2.dtd">
<sqlMapConfig>
	
	<!--
	cacheModelsEnabled  是否启用SqlMapClient上的缓存机制。 建议设为"true" 
	enhancementEnabled  是否针对POJO启用字节码增强机制以提升getter/setter的调用效能，
						避免使用Java Reflect所带来的性能开销。 
						同时，这也为Lazy Loading带来了极大的性能提升。 建议设为"true" 
	errorTracingEnabled 是否启用错误日志，在开发期间建议设为"true" 以方便调试 				
	lazyLoadingEnabled  是否启用延迟加载机制，建议设为"true" 				
	maxRequests         最大并发请求数（Statement并发数） 				
	maxTransactions     最大并发事务数 				
	maxSessions         最大Session数。即当前最大允许的并发SqlMapClient 数。 
						maxSessions设定必须介于 maxTransactions和maxRequests之间，即
						maxTransactions<maxSessions=< maxRequests 
	useStatementNamespaces 
						是否使用Statement命名空间。 这里的命名空间指的是映射文件中，sqlMap节点的namespace属性，
						如在上例中针对t_user表的映射文件sqlMap节点： <sqlMap namespace="User"> 
						这里，指定了此sqlMap节点下定义的操作均从属于"User"命名空间。 
						在useStatementNamespaces="true"的情况下，Statement调用需追加命名空间，
						如：sqlMap.update("User.updateUser",user); 否则直接通过Statement名称调用即可，
						如：sqlMap.update("updateUser",user); 但请注意此时需要保证所有映射文件中，
						Statement定义无重名。 			
	 -->
	<settings
		cacheModelsEnabled="true"
		enhancementEnabled="true"
		lazyLoadingEnabled="true"
		maxRequests="32"
		maxSessions="10"
		maxTransactions="5"
		useStatementNamespaces="false"
		/>

	<sqlMap resource="com/sdkj/system/maps/LogUser.xml" />
	<sqlMap resource="com/sdkj/system/maps/UserManager.xml" />
	<sqlMap resource="com/sdkj/system/maps/RoleManager.xml" />
	<sqlMap resource="com/sdkj/project/maps/Completion.xml" />
	<sqlMap resource="com/sdkj/matters/maps/matters.xml" />
	<sqlMap resource="com/sdkj/feedback/maps/feedback.xml" />
	<sqlMap resource="com/sdkj/Delay/maps/delay.xml" />

	<!-- 部门管理 -->
	<sqlMap resource="com/sdkj/system/maps/dept.xml" />
	<!-- 统计 -->
	<sqlMap resource="com/sdkj/check/maps/check.xml" />
	<!-- 评价 -->
	<sqlMap resource="com/sdkj/TimeScore/maps/OverMattersScore.xml" />
	<!-- 通知公告 -->
	<sqlMap resource="com/sdkj/toWork/maps/SendNotice.xml" />
	
 
	 

</sqlMapConfig>
