<?xml version="1.0" encoding="UTF-8"?>
<!DOCTYPE sqlMap PUBLIC "-//iBATIS.com//DTD SQL Map 2.0//EN" "http://www.ibatis.com/dtd/sql-map-2.dtd">

<sqlMap namespace ="toWork" > 
  <typeAlias alias="cooperateUnitsVo" type="com.sdkj.matters.vo.CooperateUnitsVo" />
  <typeAlias alias="mattersupdateVo" type="com.sdkj.matters.vo.MattersupdateVo" />
  <typeAlias alias="mattersVo" type="com.sdkj.matters.vo.MattersVo" />
  <typeAlias alias="feedbackvo" type="com.sdkj.feedback.vo.FeedbackVo" />
  <typeAlias alias="parmsVo" type="com.sdkj.matters.vo.ParmsVo" />
  	<typeAlias alias="uploadFileVo" 	type="com.sdkj.common.vo.UploadFileVo" />
  	<typeAlias alias="delayvo" 	type="com.sdkj.Delay.vo.DelayVo" />
  	<typeAlias alias="sendNoticeVo" 	type="com.sdkj.toWork.vo.SendNoticeVo" />
 
 
 	<select id="queryUserInfoList" parameterClass="java.lang.String" resultClass="sendNoticeVo">
			 $value$ 
		</select>
 
 	<select id="querySendNotices" parameterClass="java.lang.String" resultClass="sendNoticeVo">
			 $value$ 
		</select>
 	<select id="queryNoticeById" parameterClass="java.lang.String" resultClass="sendNoticeVo">
			 $value$ 
		</select>
		
 	<select id="querySendUserNotices" parameterClass="java.lang.String" resultClass="sendNoticeVo">
			 $value$ 
		</select>
		
		
	<select id="querySendUserNoticesCount" parameterClass="java.lang.String" resultClass="int">
				select count(*) as prjcheckinfocount from ($value$)
		</select>
		
	<select id="querySendNoticesCount" parameterClass="java.lang.String" resultClass="int">
				select count(*) as prjcheckinfocount from ($value$)
		</select>

		<delete		id ="DelNoticesStateLevance"		parameterClass="java.lang.String" 		>
		$value$
		</delete>

		<delete		id ="SendNoticeDel"		parameterClass="java.lang.String" 		>
		$value$
		</delete>

		<insert id="addnoticerelevance"   parameterClass="sendNoticeVo"  >
		 insert into noticerelevance
   (id, userid, noticeid)
 values
   (#id#,#userid#,#noticeid#)
		</insert>
		
		
		<insert id="addSendNotice"   parameterClass="sendNoticeVo"  >
				insert into sendtongzhinotice
		  (id, state, fid,   noctioncontent, inittime, lasttime,titlecontent,userid)
		values
		  (#id#, #state#, #fid#,  #noctioncontent#, #inittime#, #lasttime#,#titlecontent#,#userid#)
		</insert>
		
		<update	id="UndoNoticesState"		  parameterClass="java.lang.String"  		>
				$value$
		</update>
		
		<update	id="updateNoticeState"		  parameterClass="java.lang.String"  		>
				$value$
		</update>
		
		
		
		<update	id="updateSendNotice"		  parameterClass="sendNoticeVo"  		>
				 update sendtongzhinotice
		    set 
		        state = #state#,
		        noctioncontent = #noctioncontent#,
		        lasttime = #lasttime#,
		        
		        sendtime =#sendtime#
		        ,titlecontent=#titlecontent#
		  where  
		         id = #id#
		</update>
		
</sqlMap > 
