{
  "id": "3531713",
  "name": "no name",
  "font_family": "iconfont",
  "css_prefix_text": "icon-",
  "description": "",
  "glyphs": [
    {
      "icon_id": "5809119",
      "name": "办结",
      "font_class": "banjie",
      "unicode": "e66c",
      "unicode_decimal": 58988
    },
    {
      "icon_id": "8084546",
      "name": "查看",
      "font_class": "chakan",
      "unicode": "e613",
      "unicode_decimal": 58899
    },
    {
      "icon_id": "577336",
      "name": "反馈",
      "font_class": "fankui",
      "unicode": "e738",
      "unicode_decimal": 59192
    }
  ]
}
